0.00;-47.02;0.00;0;-20638964.000000
0.00;-47.02;0.00;0;-4127785.250000
0.00;-47.02;0.00;0;-1876266.500000
0.00;-47.02;0.00;0;-469066.718750
0.00;-47.02;0.00;0;-368552.562500
0.00;-47.02;0.00;0;-349812.656250
0.00;-47.02;0.00;0;-282725.625000
0.00;-47.02;0.00;0;-261253.187500
0.00;-47.02;0.00;0;-237230.187500
0.00;-47.02;0.00;0;-231899.156250
0.00;-47.02;0.00;0;-219564.078125
0.00;-47.02;0.00;0;-212773.421875
0.00;-47.02;0.00;0;-204346.437500
0.00;-47.02;0.00;0;-196561.406250
0.00;-47.02;0.00;0;-189347.750000
0.00;-47.02;0.00;0;-184275.578125
0.00;-47.02;0.00;0;-179468.046875
0.00;-47.02;0.00;0;-174904.968750
0.00;-47.02;0.00;0;-170568.171875
0.00;-47.02;0.00;0;-166441.203125
0.00;-47.02;0.00;0;-162509.234375
0.00;-47.02;0.00;0;-158758.671875
0.00;-47.02;0.00;0;-156352.953125
0.00;-47.02;0.00;0;-154019.062500
0.00;-47.02;0.00;0;-151753.796875
0.00;-47.02;0.00;0;-149554.171875
0.00;-47.02;0.00;0;-146371.843750
0.00;-47.02;0.00;0;-142333.703125
0.00;-47.02;0.00;0;-139448.218750
0.00;-47.02;0.00;0;-137588.625000
0.00;-47.02;0.00;0;-135777.984375
0.00;-47.02;0.00;0;-134014.375000
0.00;-47.02;0.00;0;-131453.328125
0.00;-47.02;0.00;0;-128988.304688
0.00;-47.02;0.00;0;-127395.734375
0.00;-47.02;0.00;0;-125842.062500
0.00;-47.02;0.00;0;-123581.421875
0.00;-47.02;0.00;0;-120690.640625
0.00;-47.02;0.00;0;-117931.992188
0.00;-47.02;0.00;0;-116599.414063
0.00;-47.02;0.00;0;-115296.617188
0.00;-47.02;0.00;0;-112163.484375
0.00;-47.02;0.00;0;-109196.015625
0.00;-47.02;0.00;0;-107489.625000
0.00;-47.02;0.00;0;-105835.742188
0.00;-47.02;0.00;0;-104231.976563
0.00;-47.02;0.00;0;-102676.054688
0.00;-47.02;0.00;0;-101664.265625
0.00;-47.02;0.00;0;-100672.242188
0.00;-47.02;0.00;0;-99699.398438
0.00;-47.02;0.00;0;-98274.921875
0.00;-47.02;0.00;0;-96437.851563
0.00;-47.02;0.00;0;-95104.429688
0.00;-47.02;0.00;0;-93807.335938
0.00;-47.02;0.00;0;-92545.125000
0.00;-47.02;0.00;0;-91316.468750
0.00;-47.02;0.00;0;-90120.007813
0.00;-47.02;0.00;0;-88954.476563
0.00;-47.02;0.00;0;-87818.703125
0.00;-47.02;0.00;0;-87077.367188
0.00;-47.02;0.00;0;-86348.453125
0.00;-47.02;0.00;0;-85631.617188
0.00;-47.02;0.00;0;-84926.562500
0.00;-47.02;0.00;0;-84233.062500
0.00;-47.02;0.00;0;-83550.851563
0.00;-47.02;0.00;0;-82879.648438
0.00;-47.02;0.00;0;-82219.164063
0.00;-47.02;0.00;0;-81569.101563
0.00;-47.02;0.00;0;-80929.226563
0.00;-47.02;0.00;0;-80299.304688
0.00;-47.02;0.00;0;-79679.085938
0.00;-47.02;0.00;0;-79068.375000
0.00;-47.02;0.00;0;-78466.953125
0.00;-47.02;0.00;0;-77874.617188
0.00;-47.02;0.00;0;-77291.187500
0.00;-47.02;0.00;0;-76716.445313
0.00;-47.02;0.00;0;-76150.218750
0.00;-47.02;0.00;0;-75316.359375
0.00;-47.02;0.00;0;-74770.484375
0.00;-47.02;0.00;0;-74232.484375
0.00;-47.02;0.00;0;-73702.203125
0.00;-47.02;0.00;0;-72920.882813
0.00;-47.02;0.00;0;-71904.578125
0.00;-47.02;0.00;0;-70916.257813
0.00;-47.02;0.00;0;-69718.367188
0.00;-47.02;0.00;0;-68333.273438
0.00;-47.02;0.00;0;-67883.781250
0.00;-47.02;0.00;0;-67440.140625
0.00;-47.02;0.00;0;-67002.234375
0.00;-47.02;0.00;0;-66569.992188
0.00;-47.02;0.00;0;-66143.304688
0.00;-47.02;0.00;0;-65722.015625
0.00;-47.02;0.00;0;-65306.085938
0.00;-47.02;0.00;0;-64895.441406
0.00;-47.02;0.00;0;-64489.843750
0.00;-47.02;0.00;0;-63693.734375
0.00;-47.02;0.00;0;-62917.011719
0.00;-47.02;0.00;0;-62535.691406
0.00;-47.02;0.00;0;-62159.019531
0.00;-47.02;0.00;0;-61786.886719
0.00;-47.02;0.00;0;-61419.175781
0.00;-47.02;0.00;0;-61055.804688
0.00;-47.02;0.00;0;-60696.699219
0.00;-47.02;0.00;0;-60341.808594
0.00;-47.02;0.00;0;-59991.054688
0.00;-47.02;0.00;0;-59644.351563
0.00;-47.02;0.00;0;-59301.640625
0.00;-47.02;0.00;0;-58962.839844
0.00;-47.02;0.00;0;-58627.886719
0.00;-47.02;0.00;0;-58296.652344
0.00;-47.02;0.00;0;-57969.125000
0.00;-47.02;0.00;0;-57645.250000
0.00;-47.02;0.00;0;-57324.964844
0.00;-47.02;0.00;0;-57008.218750
0.00;-47.02;0.00;0;-56694.984375
0.00;-47.02;0.00;0;-56385.214844
0.00;-47.02;0.00;0;-56078.839844
0.00;-47.02;0.00;0;-55775.777344
0.00;-47.02;0.00;0;-55475.960938
0.00;-47.02;0.00;0;-55179.335938
0.00;-47.02;0.00;0;-54885.843750
0.00;-47.02;0.00;0;-54595.460938
0.00;-47.02;0.00;0;-54308.152344
0.00;-47.02;0.00;0;-53882.835938
0.00;-47.02;0.00;0;-53325.960938
0.00;-47.02;0.00;0;-52780.410156
0.00;-47.02;0.00;0;-52378.468750
0.00;-47.02;0.00;0;-51982.582031
0.00;-47.02;0.00;0;-51592.628906
0.00;-47.02;0.00;0;-51335.882813
0.00;-47.02;0.00;0;-51081.644531
0.00;-47.02;0.00;0;-50829.878906
0.00;-47.02;0.00;0;-50580.585938
0.00;-47.02;0.00;0;-50333.726563
0.00;-47.02;0.00;0;-50089.253906
0.00;-47.01;0.00;0;-49847.140625
0.00;-47.01;0.00;0;-49607.371094
0.00;-47.01;0.00;0;-49369.910156
0.00;-47.01;0.00;0;-49134.714844
0.00;-47.01;0.00;0;-48901.761719
0.00;-47.01;0.00;0;-48556.464844
0.00;-47.01;0.00;0;-48216.007813
0.00;-47.01;0.00;0;-47880.281250
0.00;-47.01;0.00;0;-47549.203125
0.00;-47.01;0.00;0;-47007.562500
0.00;-47.01;0.00;0;-46166.183594
0.00;-47.01;0.00;0;-45655.398438
0.00;-47.01;0.00;0;-44959.093750
0.00;-47.01;0.00;0;-43172.007813
0.00;-47.01;0.00;0;-42813.636719
0.00;-47.01;0.00;0;-42636.640625
0.00;-47.01;0.00;0;-42373.890625
0.00;-47.01;0.00;0;-42114.359375
0.00;-47.01;0.00;0;-41943.089844
0.00;-47.01;0.00;0;-41773.179688
0.00;-47.01;0.00;0;-41604.632813
0.00;-47.01;0.00;0;-41437.441406
0.00;-47.01;0.00;0;-41271.589844
0.00;-47.01;0.00;0;-41107.054688
0.00;-47.01;0.00;0;-40943.828125
0.00;-47.01;0.00;0;-40781.906250
0.00;-47.01;0.00;0;-40621.257813
0.00;-47.01;0.00;0;-40461.875000
0.00;-47.01;0.00;0;-40303.730469
0.00;-47.01;0.00;0;-40146.808594
0.00;-47.01;0.00;0;-39991.101563
0.00;-47.01;0.00;0;-39836.589844
0.00;-47.01;0.00;0;-39683.265625
0.00;-47.01;0.00;0;-39531.121094
0.00;-47.01;0.00;0;-39380.144531
0.00;-47.01;0.00;0;-39230.328125
0.00;-47.01;0.00;0;-39081.648438
0.00;-47.01;0.00;0;-38934.089844
0.00;-47.01;0.00;0;-38787.636719
0.00;-47.01;0.00;0;-38642.273438
0.00;-47.01;0.00;0;-38497.984375
0.00;-47.01;0.00;0;-38354.769531
0.00;-47.01;0.00;0;-38212.625000
0.00;-47.01;0.00;0;-38071.523438
0.00;-47.01;0.00;0;-37931.457031
0.00;-47.01;0.00;0;-37792.406250
0.00;-47.01;0.00;0;-37654.359375
0.00;-47.01;0.00;0;-37517.324219
0.00;-47.01;0.00;0;-37381.304688
0.00;-47.01;0.00;0;-37246.277344
0.00;-47.01;0.00;0;-37112.218750
0.00;-47.01;0.00;0;-36979.132813
0.00;-47.01;0.00;0;-36846.992188
0.00;-47.01;0.00;0;-36715.800781
0.00;-47.01;0.00;0;-36585.531250
0.00;-47.01;0.00;0;-36456.171875
0.00;-47.01;0.00;0;-36327.722656
0.00;-47.01;0.00;0;-36200.171875
0.00;-47.01;0.00;0;-36073.511719
0.00;-47.01;0.00;0;-35947.726563
0.00;-47.01;0.00;0;-35822.808594
0.00;-47.01;0.00;0;-35698.761719
0.00;-47.01;0.00;0;-35575.574219
0.00;-47.01;0.00;0;-35453.238281
0.00;-47.01;0.00;0;-35331.750000
0.00;-47.01;0.00;0;-35211.097656
0.00;-47.01;0.00;0;-35091.269531
0.00;-47.01;0.00;0;-34972.250000
0.00;-47.01;0.00;0;-34854.046875
0.00;-47.01;0.00;0;-34736.636719
0.00;-47.01;0.00;0;-34620.019531
0.00;-47.01;0.00;0;-34504.175781
0.00;-47.01;0.00;0;-34389.113281
0.00;-47.01;0.00;0;-34217.968750
0.00;-47.01;0.00;0;-34048.507813
0.00;-47.01;0.00;0;-33936.449219
0.00;-47.00;0.00;0;-33825.113281
0.00;-47.00;0.00;0;-33714.496094
0.00;-47.00;0.00;0;-33604.609375
0.00;-47.00;0.00;0;-33495.445313
0.00;-47.00;0.00;0;-33386.980469
0.00;-47.00;0.00;0;-33279.207031
0.00;-47.00;0.00;0;-33172.128906
0.00;-47.00;0.00;0;-33065.730469
0.00;-47.00;0.00;0;-32960.007813
0.00;-47.00;0.00;0;-32854.972656
0.00;-47.00;0.00;0;-32750.609375
0.00;-47.00;0.00;0;-32646.908203
0.00;-47.00;0.00;0;-32543.847656
0.00;-47.00;0.00;0;-32441.427734
0.00;-47.00;0.00;0;-32339.644531
0.00;-47.00;0.00;0;-32238.517578
0.00;-47.00;0.00;0;-32138.035156
0.00;-47.00;0.00;0;-32038.177734
0.00;-47.00;0.00;0;-31938.943359
0.00;-47.00;0.00;0;-31840.341797
0.00;-47.00;0.00;0;-31742.375000
0.00;-47.00;0.00;0;-31645.027344
0.00;-47.00;0.00;0;-31548.244141
0.00;-47.00;0.00;0;-31452.037109
0.00;-47.00;0.00;0;-31356.369141
0.00;-47.00;0.00;0;-31261.294922
0.00;-47.00;0.00;0;-31166.820313
0.00;-47.00;0.00;0;-31072.935547
0.00;-47.00;0.00;0;-30979.621094
0.00;-47.00;0.00;0;-30886.884766
0.00;-47.00;0.00;0;-30794.716797
0.00;-47.00;0.00;0;-30703.111328
0.00;-47.00;0.00;0;-30612.044922
0.00;-47.00;0.00;0;-30521.513672
0.00;-47.00;0.00;0;-30431.503906
0.00;-47.00;0.00;0;-30341.988281
0.00;-47.00;0.00;0;-30253.001953
0.00;-47.00;0.00;0;-30164.515625
0.00;-47.00;0.00;0;-30032.753906
0.00;-47.00;0.00;0;-29902.144531
0.00;-47.00;0.00;0;-29772.679688
0.00;-47.00;0.00;0;-29644.324219
0.00;-47.00;0.00;0;-29517.087891
0.00;-47.00;0.00;0;-29432.888672
0.00;-47.00;0.00;0;-29349.175781
0.00;-47.00;0.00;0;-29265.955078
0.00;-47.00;0.00;0;-29183.222656
0.00;-47.00;0.00;0;-29100.968750
0.00;-47.00;0.00;0;-29019.179688
0.00;-47.00;0.00;0;-28937.859375
0.00;-47.00;0.00;0;-28856.978516
0.00;-47.00;0.00;0;-28776.542969
0.00;-47.00;0.00;0;-28696.550781
0.00;-47.00;0.00;0;-28617.003906
0.00;-47.00;0.00;0;-28537.894531
0.00;-47.00;0.00;0;-28459.205078
0.00;-47.00;0.00;0;-28380.953125
0.00;-47.00;0.00;0;-28303.109375
0.00;-47.00;0.00;0;-28225.693359
0.00;-47.00;0.00;0;-28148.701172
0.00;-47.00;0.00;0;-28072.119141
0.00;-47.00;0.00;0;-27995.955078
0.00;-47.00;0.00;0;-27920.201172
0.00;-47.00;0.00;0;-27844.851563
0.00;-47.00;0.00;0;-27769.917969
0.00;-47.00;0.00;0;-27695.394531
0.00;-47.00;0.00;0;-27621.261719
0.00;-47.00;0.00;0;-27547.537109
0.00;-47.00;0.00;0;-27474.214844
0.00;-47.00;0.00;0;-27401.283203
0.00;-47.00;0.00;0;-27328.742188
0.00;-47.00;0.00;0;-27256.582031
0.00;-47.00;0.00;0;-27184.785156
0.00;-47.00;0.00;0;-27113.355469
0.00;-47.00;0.00;0;-27006.910156
0.00;-47.00;0.00;0;-26936.414063
0.00;-47.00;0.00;0;-26866.287109
0.00;-47.00;0.00;0;-26796.513672
0.00;-47.00;0.00;0;-26727.078125
0.00;-47.00;0.00;0;-26657.998047
0.00;-47.00;0.00;0;-26589.267578
0.00;-47.00;0.00;0;-26520.896484
0.00;-47.00;0.00;0;-26452.873047
0.00;-47.00;0.00;0;-26385.191406
0.00;-47.00;0.00;0;-26317.833984
0.00;-47.00;0.00;0;-26250.820313
0.00;-47.00;0.00;0;-26184.150391
0.00;-47.00;0.00;0;-26117.835938
0.00;-47.00;0.00;0;-26019.000000
0.00;-47.00;0.00;0;-25920.900391
0.00;-47.00;0.00;0;-25823.535156
0.00;-47.00;0.00;0;-25759.031250
0.00;-47.00;0.00;0;-25694.845703
0.00;-47.00;0.00;0;-25630.976563
0.00;-47.00;0.00;0;-25567.439453
0.00;-47.00;0.00;0;-25504.240234
0.00;-47.00;0.00;0;-25441.361328
0.00;-47.00;0.00;0;-25378.804688
0.00;-47.00;0.00;0;-25316.566406
0.00;-47.00;0.00;0;-25254.642578
0.00;-47.00;0.00;0;-25193.017578
0.00;-47.00;0.00;0;-25131.691406
0.00;-47.00;0.00;0;-25070.666016
0.00;-47.00;0.00;0;-25009.970703
0.00;-47.00;0.00;0;-24949.568359
0.00;-47.00;0.00;0;-24889.425781
0.00;-47.00;0.00;0;-24829.576172
0.00;-47.00;0.00;0;-24770.017578
0.00;-47.00;0.00;0;-24710.740234
0.00;-47.00;0.00;0;-24651.728516
0.00;-47.00;0.00;0;-24592.984375
0.00;-47.00;0.00;0;-24534.490234
0.00;-47.00;0.00;0;-24476.267578
0.00;-47.00;0.00;0;-24418.314453
0.00;-47.00;0.00;0;-24360.630859
0.00;-47.00;0.00;0;-24274.611328
0.00;-47.00;0.00;0;-24189.185547
0.00;-47.00;0.00;0;-24048.210938
0.00;-47.00;0.00;0;-23798.570313
0.00;-47.00;0.00;0;-23716.460938
0.00;-47.00;0.00;0;-23662.031250
0.00;-47.00;0.00;0;-23607.853516
0.00;-47.00;0.00;0;-23553.914063
0.00;-47.00;0.00;0;-23500.224609
0.00;-47.00;0.00;0;-23446.789063
0.00;-47.00;0.00;0;-23393.597656
0.00;-47.00;0.00;0;-23340.648438
0.00;-47.00;0.00;0;-23287.945313
0.00;-47.00;0.00;0;-23235.480469
0.00;-47.00;0.00;0;-23183.236328
0.00;-47.00;0.00;0;-23131.222656
0.00;-47.00;0.00;0;-23079.439453
0.00;-47.00;0.00;0;-23027.880859
0.00;-47.00;0.00;0;-22950.982422
0.00;-47.00;0.00;0;-22874.595703
0.00;-47.00;0.00;0;-22823.951172
0.00;-47.00;0.00;0;-22773.529297
0.00;-47.00;0.00;0;-22723.324219
0.00;-47.00;0.00;0;-22673.343750
0.00;-47.00;0.00;0;-22623.582031
0.00;-47.00;0.00;0;-22574.046875
0.00;-47.00;0.00;0;-22524.718750
0.00;-47.00;0.00;0;-22475.595703
0.00;-47.00;0.00;0;-22426.687500
0.00;-47.00;0.00;0;-22377.998047
0.00;-47.00;0.00;0;-22329.519531
0.00;-47.00;0.00;0;-22281.253906
0.00;-47.00;0.00;0;-22233.203125
0.00;-47.00;0.00;0;-22161.521484
0.00;-47.00;0.00;0;-22090.300781
0.00;-47.00;0.00;0;-22043.048828
0.00;-47.00;0.00;0;-21995.980469
0.00;-47.00;0.00;0;-21949.111328
0.00;-47.00;0.00;0;-21902.447266
0.00;-47.00;0.00;0;-21855.984375
0.00;-47.00;0.00;0;-21809.712891
0.00;-47.00;0.00;0;-21763.640625
0.00;-47.00;0.00;0;-21717.763672
0.00;-47.00;0.00;0;-21672.083984
0.00;-47.00;0.00;0;-21626.597656
0.00;-47.00;0.00;0;-21581.298828
0.00;-46.99;0.00;0;-21536.187500
0.00;-46.99;0.00;0;-21491.277344
0.00;-46.99;0.00;0;-21424.279297
0.00;-46.99;0.00;0;-21379.837891
0.00;-46.99;0.00;0;-21335.580078
0.00;-46.99;0.00;0;-21291.501953
0.00;-46.99;0.00;0;-21247.605469
0.00;-46.99;0.00;0;-21182.107422
0.00;-46.99;0.00;0;-21138.664063
0.00;-46.99;0.00;0;-21095.388672
0.00;-46.99;0.00;0;-21052.287109
0.00;-46.99;0.00;0;-21009.361328
0.00;-46.99;0.00;0;-20966.607422
0.00;-46.99;0.00;0;-20924.027344
0.00;-46.99;0.00;0;-20881.621094
0.00;-46.99;0.00;0;-20839.388672
0.00;-46.99;0.00;0;-20797.326172
0.00;-46.99;0.00;0;-20755.429688
0.00;-46.99;0.00;0;-20713.701172
0.00;-46.99;0.00;0;-20672.138672
0.00;-46.99;0.00;0;-20630.742188
0.00;-46.99;0.00;0;-20589.519531
0.00;-46.99;0.00;0;-20528.019531
0.00;-46.99;0.00;0;-20466.878906
0.00;-46.99;0.00;0;-20426.310547
0.00;-46.99;0.00;0;-20365.779297
0.00;-46.99;0.00;0;-20225.976563
0.00;-46.99;0.00;0;-20146.927734
0.00;-46.99;0.00;0;-20088.031250
0.00;-46.99;0.00;0;-20048.941406
0.00;-46.99;0.00;0;-20010.000000
0.00;-46.99;0.00;0;-19971.212891
0.00;-46.99;0.00;0;-19932.580078
0.00;-46.99;0.00;0;-19894.095703
0.00;-46.99;0.00;0;-19855.765625
0.00;-46.99;0.00;0;-19817.582031
0.00;-46.99;0.00;0;-19779.537109
0.00;-46.99;0.00;0;-19741.640625
0.00;-46.99;0.00;0;-19703.892578
0.00;-46.99;0.00;0;-19647.554688
0.00;-46.99;0.00;0;-19591.544922
0.00;-46.99;0.00;0;-19554.375000
0.00;-46.99;0.00;0;-19517.341797
0.00;-46.99;0.00;0;-19480.445313
0.00;-46.99;0.00;0;-19443.695313
0.00;-46.99;0.00;0;-19407.083984
0.00;-46.99;0.00;0;-19370.621094
0.00;-46.99;0.00;0;-19334.289063
0.00;-46.99;0.00;0;-19298.093750
0.00;-46.99;0.00;0;-19262.033203
0.00;-46.99;0.00;0;-19226.107422
0.00;-46.99;0.00;0;-19190.314453
0.00;-46.99;0.00;0;-19154.654297
0.00;-46.99;0.00;0;-19119.130859
0.00;-46.99;0.00;0;-19083.744141
0.00;-46.99;0.00;0;-19048.488281
0.00;-46.99;0.00;0;-19013.363281
0.00;-46.99;0.00;0;-18978.365234
0.00;-46.99;0.00;0;-18943.498047
0.00;-46.99;0.00;0;-18908.761719
0.00;-46.99;0.00;0;-18874.150391
0.00;-46.99;0.00;0;-18839.673828
0.00;-46.99;0.00;0;-18805.328125
0.00;-46.99;0.00;0;-18771.103516
0.00;-46.99;0.00;0;-18736.994141
0.00;-46.99;0.00;0;-18703.007813
0.00;-46.99;0.00;0;-18669.125000
0.00;-46.99;0.00;0;-18635.359375
0.00;-46.99;0.00;0;-18601.722656
0.00;-46.99;0.00;0;-18568.226563
0.00;-46.99;0.00;0;-18534.878906
0.00;-46.99;0.00;0;-18501.671875
0.00;-46.99;0.00;0;-18468.593750
0.00;-46.99;0.00;0;-18435.636719
0.00;-46.99;0.00;0;-18402.792969
0.00;-46.99;0.00;0;-18370.068359
0.00;-46.99;0.00;0;-18337.464844
0.00;-46.99;0.00;0;-18304.984375
0.00;-46.99;0.00;0;-18272.617188
0.00;-46.99;0.00;0;-18240.363281
0.00;-46.99;0.00;0;-18208.212891
0.00;-46.99;0.00;0;-18176.166016
0.00;-46.99;0.00;0;-18144.240234
0.00;-46.99;0.00;0;-18112.437500
0.00;-46.99;0.00;0;-18080.753906
0.00;-46.99;0.00;0;-18049.179688
0.00;-46.99;0.00;0;-18017.708984
0.00;-46.99;0.00;0;-17986.349609
0.00;-46.99;0.00;0;-17955.099609
0.00;-46.99;0.00;0;-17923.951172
0.00;-46.99;0.00;0;-17892.900391
0.00;-46.99;0.00;0;-17861.949219
0.00;-46.99;0.00;0;-17831.101563
0.00;-46.99;0.00;0;-17800.357422
0.00;-46.99;0.00;0;-17769.707031
0.00;-46.99;0.00;0;-17739.160156
0.00;-46.99;0.00;0;-17708.720703
0.00;-46.99;0.00;0;-17678.378906
0.00;-46.99;0.00;0;-17648.138672
0.00;-46.99;0.00;0;-17618.005859
0.00;-46.99;0.00;0;-17587.966797
0.00;-46.99;0.00;0;-17558.023438
0.00;-46.99;0.00;0;-17528.173828
0.00;-46.99;0.00;0;-17498.429688
0.00;-46.99;0.00;0;-17468.789063
0.00;-46.99;0.00;0;-17439.251953
0.00;-46.99;0.00;0;-17409.816406
0.00;-46.99;0.00;0;-17395.130859
0.00;-46.99;0.00;0;-17365.837891
0.00;-46.99;0.00;0;-17336.636719
0.00;-46.99;0.00;0;-17307.529297
0.00;-46.99;0.00;0;-17278.529297
0.00;-46.99;0.00;0;-17264.056641
0.00;-46.99;0.00;0;-17235.193359
0.00;-46.99;0.00;0;-17220.798828
0.00;-46.99;0.00;0;-17192.078125
0.00;-46.99;0.00;0;-17163.455078
0.00;-46.99;0.00;0;-17149.179688
0.00;-46.99;0.00;0;-17120.703125
0.00;-46.99;0.00;0;-17092.324219
0.00;-46.99;0.00;0;-17064.041016
0.00;-46.99;0.00;0;-17035.851563
0.00;-46.99;0.00;0;-17007.767578
0.00;-46.99;0.00;0;-16979.779297
0.00;-46.99;0.00;0;-16951.880859
0.00;-46.99;0.00;0;-16924.076172
0.00;-46.99;0.00;0;-16882.535156
0.00;-46.99;0.00;0;-16854.958984
0.00;-46.99;0.00;0;-16827.466797
0.00;-46.99;0.00;0;-16800.060547
0.00;-46.99;0.00;0;-16772.734375
0.00;-46.99;0.00;0;-16745.498047
0.00;-46.99;0.00;0;-16731.914063
0.00;-46.99;0.00;0;-16704.812500
0.00;-46.99;0.00;0;-16677.789063
0.00;-46.99;0.00;0;-16664.308594
0.00;-46.99;0.00;0;-16637.410156
0.00;-46.99;0.00;0;-16610.603516
0.00;-46.99;0.00;0;-16583.896484
0.00;-46.99;0.00;0;-16570.576172
0.00;-46.99;0.00;0;-16544.005859
0.00;-46.99;0.00;0;-16517.527344
0.00;-46.99;0.00;0;-16491.150391
0.00;-46.99;0.00;0;-16451.738281
0.00;-46.99;0.00;0;-16438.673828
0.00;-46.99;0.00;0;-16412.562500
0.00;-46.99;0.00;0;-16399.539063
0.00;-46.99;0.00;0;-16373.546875
0.00;-46.99;0.00;0;-16347.633789
0.00;-46.99;0.00;0;-16334.705078
0.00;-46.99;0.00;0;-16308.909180
0.00;-46.99;0.00;0;-16283.195313
0.00;-46.99;0.00;0;-16270.370117
0.00;-46.99;0.00;0;-16244.774414
0.00;-46.99;0.00;0;-16219.260742
0.00;-46.99;0.00;0;-16206.529297
0.00;-46.99;0.00;0;-16181.132813
0.00;-46.99;0.00;0;-16155.813477
0.00;-46.99;0.00;0;-16143.184570
0.00;-46.99;0.00;0;-16117.981445
0.00;-46.99;0.00;0;-16092.859375
0.00;-46.99;0.00;0;-16080.327148
0.00;-46.99;0.00;0;-16055.325195
0.00;-46.99;0.00;0;-16030.398438
0.00;-46.99;0.00;0;-16017.963867
0.00;-46.99;0.00;0;-15993.153320
0.00;-46.99;0.00;0;-15968.416992
0.00;-46.99;0.00;0;-15956.077148
0.00;-46.99;0.00;0;-15931.457031
0.00;-46.99;0.00;0;-15906.911133
0.00;-46.99;0.00;0;-15894.666992
0.00;-46.99;0.00;0;-15870.234375
0.00;-46.99;0.00;0;-15845.875977
0.00;-46.99;0.00;0;-15833.725586
0.00;-46.99;0.00;0;-15809.478516
0.00;-46.99;0.00;0;-15785.307617
0.00;-46.99;0.00;0;-15761.200195
0.00;-46.99;0.00;0;-15749.187500
0.00;-46.99;0.00;0;-15725.195313
0.00;-46.99;0.00;0;-15701.278320
0.00;-46.99;0.00;0;-15677.435547
0.00;-46.99;0.00;0;-15653.664063
0.00;-46.99;0.00;0;-15641.807617
0.00;-46.99;0.00;0;-15618.146484
0.00;-46.99;0.00;0;-15594.556641
0.00;-46.99;0.00;0;-15582.789063
0.00;-46.99;0.00;0;-15559.309570
0.00;-46.99;0.00;0;-15535.897461
0.00;-46.99;0.00;0;-15524.218750
0.00;-46.99;0.00;0;-15500.909180
0.00;-46.99;0.00;0;-15477.667969
0.00;-46.99;0.00;0;-15466.075195
0.00;-46.99;0.00;0;-15442.935547
0.00;-46.99;0.00;0;-15419.865234
0.00;-46.99;0.00;0;-15396.863281
0.00;-46.99;0.00;0;-15373.927734
0.00;-46.99;0.00;0;-15362.484375
0.00;-46.99;0.00;0;-15339.648438
0.00;-46.99;0.00;0;-15316.878906
0.00;-46.99;0.00;0;-15204.002930
0.00;-46.99;0.00;0;-14907.393555
0.00;-46.99;0.00;0;-14875.150391
0.00;-46.99;0.00;0;-14853.732422
0.00;-46.99;0.00;0;-14832.376953
0.00;-46.99;0.00;0;-14811.088867
0.00;-46.99;0.00;0;-14789.868164
0.00;-46.99;0.00;0;-14768.717773
0.00;-46.99;0.00;0;-14747.629883
0.00;-46.99;0.00;0;-14726.601563
0.00;-46.99;0.00;0;-14705.632813
0.00;-46.99;0.00;0;-14684.721680
0.00;-46.99;0.00;0;-14663.862305
0.00;-46.99;0.00;0;-14643.062500
0.00;-46.99;0.00;0;-14622.318359
0.00;-46.99;0.00;0;-14601.634766
0.00;-46.99;0.00;0;-14581.013672
0.00;-46.99;0.00;0;-14560.449219
0.00;-46.99;0.00;0;-14539.942383
0.00;-46.99;0.00;0;-14519.493164
0.00;-46.99;0.00;0;-14499.099609
0.00;-46.99;0.00;0;-14478.764648
0.00;-46.99;0.00;0;-14458.492188
0.00;-46.99;0.00;0;-14438.276367
0.00;-46.99;0.00;0;-14418.114258
0.00;-46.99;0.00;0;-14398.004883
0.00;-46.99;0.00;0;-14377.955078
0.00;-46.99;0.00;0;-14357.962891
0.00;-46.99;0.00;0;-14338.034180
0.00;-46.99;0.00;0;-14318.164063
0.00;-46.99;0.00;0;-14298.350586
0.00;-46.99;0.00;0;-14278.596680
0.00;-46.99;0.00;0;-14258.903320
0.00;-46.99;0.00;0;-14249.080078
0.00;-46.99;0.00;0;-14229.475586
0.00;-46.99;0.00;0;-14209.927734
0.00;-46.99;0.00;0;-14190.428711
0.00;-46.99;0.00;0;-14170.980469
0.00;-46.99;0.00;0;-14151.584961
0.00;-46.99;0.00;0;-14132.242188
0.00;-46.99;0.00;0;-14112.955078
0.00;-46.99;0.00;0;-14093.723633
0.00;-46.99;0.00;0;-14074.543945
0.00;-46.99;0.00;0;-14055.415039
0.00;-46.99;0.00;0;-14036.338867
0.00;-46.99;0.00;0;-14017.315430
0.00;-46.99;0.00;0;-13998.338867
0.00;-46.99;0.00;0;-13979.413086
0.00;-46.99;0.00;0;-13960.539063
0.00;-46.99;0.00;0;-13941.713867
0.00;-46.99;0.00;0;-13922.940430
0.00;-46.99;0.00;0;-13904.217773
0.00;-46.99;0.00;0;-13885.548828
0.00;-46.99;0.00;0;-13866.923828
0.00;-46.99;0.00;0;-13848.353516
0.00;-46.99;0.00;0;-13829.833008
0.00;-46.99;0.00;0;-13811.356445
0.00;-46.99;0.00;0;-13792.925781
0.00;-46.99;0.00;0;-13774.546875
0.00;-46.99;0.00;0;-13756.211914
0.00;-46.99;0.00;0;-13737.925781
0.00;-46.99;0.00;0;-13719.689453
0.00;-46.99;0.00;0;-13701.502930
0.00;-46.99;0.00;0;-13683.367188
0.00;-46.99;0.00;0;-13665.277344
0.00;-46.99;0.00;0;-13647.229492
0.00;-46.99;0.00;0;-13620.230469
0.00;-46.99;0.00;0;-13584.386719
0.00;-46.99;0.00;0;-13557.631836
0.00;-46.99;0.00;0;-13530.981445
0.00;-46.99;0.00;0;-13504.432617
0.00;-46.99;0.00;0;-13486.797852
0.00;-46.99;0.00;0;-13469.206055
0.00;-46.99;0.00;0;-13451.651367
0.00;-46.99;0.00;0;-13434.138672
0.00;-46.99;0.00;0;-13416.669922
0.00;-46.99;0.00;0;-13399.248047
0.00;-46.99;0.00;0;-13381.869141
0.00;-46.99;0.00;0;-13364.531250
0.00;-46.99;0.00;0;-13347.240234
0.00;-46.99;0.00;0;-13329.995117
0.00;-46.99;0.00;0;-13312.794922
0.00;-46.99;0.00;0;-13295.635742
0.00;-46.99;0.00;0;-13278.522461
0.00;-46.99;0.00;0;-13261.456055
0.00;-46.99;0.00;0;-13244.428711
0.00;-46.99;0.00;0;-13227.446289
0.00;-46.99;0.00;0;-13210.510742
0.00;-46.99;0.00;0;-13193.624023
0.00;-46.99;0.00;0;-13176.781250
0.00;-46.99;0.00;0;-13159.982422
0.00;-46.99;0.00;0;-13143.223633
0.00;-46.99;0.00;0;-13126.507813
0.00;-46.99;0.00;0;-13051.789063
0.00;-46.99;0.00;0;-12888.743164
0.00;-46.99;0.00;0;-12864.641602
0.00;-46.99;0.00;0;-12848.623047
0.00;-46.99;0.00;0;-12832.645508
0.00;-46.99;0.00;0;-12816.709961
0.00;-46.99;0.00;0;-12800.811523
0.00;-46.99;0.00;0;-12784.954102
0.00;-46.99;0.00;0;-12769.137695
0.00;-46.99;0.00;0;-12753.367188
0.00;-46.99;0.00;0;-12737.640625
0.00;-46.99;0.00;0;-12721.957031
0.00;-46.99;0.00;0;-12706.313477
0.00;-46.99;0.00;0;-12690.707031
0.00;-46.99;0.00;0;-12675.134766
0.00;-46.99;0.00;0;-12659.598633
0.00;-46.99;0.00;0;-12636.369141
0.00;-46.99;0.00;0;-12613.220703
0.00;-46.99;0.00;0;-12590.154297
0.00;-46.99;0.00;0;-12536.616211
0.00;-46.99;0.00;0;-12506.224609
0.00;-46.99;0.00;0;-12491.084961
0.00;-46.99;0.00;0;-12304.873047
0.00;-46.99;0.00;0;-12275.604492
0.00;-46.99;0.00;0;-12261.024414
0.00;-46.99;0.00;0;-12246.484375
0.00;-46.99;0.00;0;-12231.974609
0.00;-46.99;0.00;0;-12217.496094
0.00;-46.99;0.00;0;-12203.051758
0.00;-46.99;0.00;0;-12188.643555
0.00;-46.99;0.00;0;-12174.267578
0.00;-46.99;0.00;0;-12159.931641
0.00;-46.99;0.00;0;-12145.629883
0.00;-46.99;0.00;0;-12131.361328
0.00;-46.99;0.00;0;-12117.121094
0.00;-46.99;0.00;0;-12102.919922
0.00;-46.99;0.00;0;-12088.751953
0.00;-46.99;0.00;0;-12074.611328
0.00;-46.99;0.00;0;-12060.501953
0.00;-46.99;0.00;0;-12046.414063
0.00;-46.99;0.00;0;-12032.353516
0.00;-46.99;0.00;0;-12018.329102
0.00;-46.99;0.00;0;-12004.346680
0.00;-46.99;0.00;0;-11990.400391
0.00;-46.99;0.00;0;-11976.484375
0.00;-46.99;0.00;0;-11955.670898
0.00;-46.99;0.00;0;-11928.026367
0.00;-46.99;0.00;0;-11879.955078
0.00;-46.99;0.00;0;-11638.738281
0.00;-46.99;0.00;0;-11625.627930
0.00;-46.99;0.00;0;-11612.550781
0.00;-46.99;0.00;0;-11606.024414
0.00;-46.99;0.00;0;-11592.999023
0.00;-46.99;0.00;0;-11580.004883
0.00;-46.99;0.00;0;-11567.041992
0.00;-46.99;0.00;0;-11554.111328
0.00;-46.99;0.00;0;-11541.208984
0.00;-46.99;0.00;0;-11528.345703
0.00;-46.99;0.00;0;-11515.511719
0.00;-46.99;0.00;0;-11502.705078
0.00;-46.99;0.00;0;-11489.925781
0.00;-46.99;0.00;0;-11477.175781
0.00;-46.99;0.00;0;-11464.456055
0.00;-46.99;0.00;0;-11451.760742
0.00;-46.99;0.00;0;-11439.086914
0.00;-46.99;0.00;0;-11426.433594
0.00;-46.99;0.00;0;-11413.806641
0.00;-46.99;0.00;0;-11407.504883
0.00;-46.99;0.00;0;-11394.917969
0.00;-46.99;0.00;0;-11382.368164
0.00;-46.99;0.00;0;-11369.856445
0.00;-46.99;0.00;0;-11357.379883
0.00;-46.99;0.00;0;-11344.931641
0.00;-46.99;0.00;0;-11338.716797
0.00;-46.99;0.00;0;-11326.309570
0.00;-46.99;0.00;0;-11313.925781
0.00;-46.99;0.00;0;-11301.567383
0.00;-46.99;0.00;0;-11289.237305
0.00;-46.99;0.00;0;-11276.939453
0.00;-46.99;0.00;0;-11264.662109
0.00;-46.99;0.00;0;-11252.409180
0.00;-46.99;0.00;0;-11240.184570
0.00;-46.99;0.00;0;-11227.988281
0.00;-46.99;0.00;0;-11215.823242
0.00;-46.99;0.00;0;-11209.752930
0.00;-46.99;0.00;0;-11197.627930
0.00;-46.99;0.00;0;-11185.530273
0.00;-46.99;0.00;0;-11179.492188
0.00;-46.99;0.00;0;-11167.432617
0.00;-46.99;0.00;0;-11155.398438
0.00;-46.99;0.00;0;-11149.390625
0.00;-46.99;0.00;0;-11137.389648
0.00;-46.99;0.00;0;-11125.416016
0.00;-46.99;0.00;0;-11113.467773
0.00;-46.99;0.00;0;-11101.544922
0.00;-46.99;0.00;0;-11089.646484
0.00;-46.99;0.00;0;-11077.769531
0.00;-46.99;0.00;0;-11065.914063
0.00;-46.99;0.00;0;-11054.085938
0.00;-46.99;0.00;0;-11042.282227
0.00;-46.99;0.00;0;-11030.507813
0.00;-46.99;0.00;0;-11024.627930
0.00;-46.99;0.00;0;-11012.889648
0.00;-46.99;0.00;0;-11001.180664
0.00;-46.99;0.00;0;-10989.496094
0.00;-46.99;0.00;0;-10977.834961
0.00;-46.99;0.00;0;-10966.191406
0.00;-46.99;0.00;0;-10954.565430
0.00;-46.99;0.00;0;-10942.966797
0.00;-46.99;0.00;0;-10931.392578
0.00;-46.99;0.00;0;-10919.841797
0.00;-46.99;0.00;0;-10908.314453
0.00;-46.99;0.00;0;-10896.814453
0.00;-46.99;0.00;0;-10885.340820
0.00;-46.99;0.00;0;-10873.895508
0.00;-46.99;0.00;0;-10862.475586
0.00;-46.99;0.00;0;-10851.078125
0.00;-46.99;0.00;0;-10839.705078
0.00;-46.99;0.00;0;-10828.356445
0.00;-47.00;0.00;0;-10817.023438
0.00;-47.00;0.00;0;-10777.502930
0.00;-47.00;0.00;0;-10766.292969
0.00;-47.00;0.00;0;-10755.118164
0.00;-47.00;0.00;0;-10743.968750
0.00;-47.00;0.00;0;-10732.841797
0.00;-47.00;0.00;0;-10727.287109
0.00;-47.00;0.00;0;-10716.193359
0.00;-47.00;0.00;0;-10705.121094
0.00;-47.00;0.00;0;-10699.593750
0.00;-47.00;0.00;0;-10688.558594
0.00;-47.00;0.00;0;-10677.544922
0.00;-47.00;0.00;0;-10672.047852
0.00;-47.00;0.00;0;-10661.072266
0.00;-47.00;0.00;0;-10650.114258
0.00;-47.00;0.00;0;-10644.641602
0.00;-47.00;0.00;0;-10633.710938
0.00;-47.00;0.00;0;-10622.794922
0.00;-47.00;0.00;0;-10617.339844
0.00;-47.00;0.00;0;-10606.427734
0.00;-47.00;0.00;0;-10595.513672
0.00;-47.00;0.00;0;-10590.063477
0.00;-47.00;0.00;0;-10579.190430
0.00;-47.00;0.00;0;-10568.347656
0.00;-47.00;0.00;0;-10562.935547
0.00;-47.00;0.00;0;-10552.134766
0.00;-47.00;0.00;0;-10541.355469
0.00;-47.00;0.00;0;-10535.970703
0.00;-47.00;0.00;0;-10525.208984
0.00;-47.00;0.00;0;-10514.453125
0.00;-47.00;0.00;0;-10509.081055
0.00;-47.00;0.00;0;-10498.354492
0.00;-47.00;0.00;0;-10487.651367
0.00;-47.00;0.00;0;-10482.309570
0.00;-46.99;0.00;0;-10471.639648
0.00;-46.99;0.00;0;-10460.991211
0.00;-46.99;0.00;0;-10455.674805
0.00;-46.99;0.00;0;-10445.059570
0.00;-46.99;0.00;0;-10434.466797
0.00;-46.99;0.00;0;-10429.180664
0.00;-46.99;0.00;0;-10418.623047
0.00;-46.99;0.00;0;-10408.082031
0.00;-46.99;0.00;0;-10402.819336
0.00;-46.99;0.00;0;-10392.307617
0.00;-46.99;0.00;0;-10381.812500
0.00;-46.99;0.00;0;-10376.572266
0.00;-46.99;0.00;0;-10366.106445
0.00;-46.99;0.00;0;-10355.666992
0.00;-46.99;0.00;0;-10350.458008
0.00;-46.99;0.00;0;-10340.064453
0.00;-46.99;0.00;0;-10329.705078
0.00;-46.99;0.00;0;-10324.537109
0.00;-46.99;0.00;0;-10314.210938
0.00;-46.99;0.00;0;-10303.892578
0.00;-46.99;0.00;0;-10298.736328
0.00;-46.99;0.00;0;-10288.437500
0.00;-46.99;0.00;0;-10278.168945
0.00;-46.99;0.00;0;-10267.932617
0.00;-46.99;0.00;0;-10257.714844
0.00;-46.99;0.00;0;-10247.514648
0.00;-46.99;0.00;0;-10237.332031
0.00;-46.99;0.00;0;-10227.172852
0.00;-46.99;0.00;0;-10217.031250
0.00;-46.99;0.00;0;-10206.910156
0.00;-46.99;0.00;0;-10196.807617
0.00;-46.99;0.00;0;-10186.722656
0.00;-46.99;0.00;0;-10176.657227
0.00;-46.99;0.00;0;-10166.619141
0.00;-46.99;0.00;0;-10156.599609
0.00;-46.99;0.00;0;-10146.595703
0.00;-46.99;0.00;0;-10136.621094
0.00;-46.99;0.00;0;-10131.629883
0.00;-46.99;0.00;0;-10121.674805
0.00;-46.99;0.00;0;-10111.740234
0.00;-46.99;0.00;0;-10101.829102
0.00;-46.99;0.00;0;-10091.939453
0.00;-46.99;0.00;0;-10082.068359
0.00;-46.99;0.00;0;-10072.212891
0.00;-46.99;0.00;0;-10062.374023
0.00;-46.99;0.00;0;-10052.550781
0.00;-46.99;0.00;0;-10047.646484
0.00;-46.99;0.00;0;-10037.848633
0.00;-46.99;0.00;0;-10028.066406
0.00;-46.99;0.00;0;-10023.182617
0.00;-46.99;0.00;0;-10013.426758
0.00;-46.99;0.00;0;-10003.688477
0.00;-46.99;0.00;0;-9998.826172
0.00;-46.99;0.00;0;-9989.119141
0.00;-46.99;0.00;0;-9979.433594
0.00;-46.99;0.00;0;-9974.597656
0.00;-46.99;0.00;0;-9964.939453
0.00;-46.98;0.00;0;-9955.298828
0.00;-46.98;0.00;0;-9950.484375
0.00;-46.98;0.00;0;-9940.870117
0.00;-46.98;0.00;0;-9931.269531
0.00;-46.98;0.00;0;-9926.477539
0.00;-46.98;0.00;0;-9916.908203
0.00;-46.98;0.00;0;-9907.363281
0.00;-46.98;0.00;0;-9902.598633
0.00;-46.98;0.00;0;-9893.084961
0.00;-46.98;0.00;0;-9883.590820
0.00;-46.98;0.00;0;-9878.849609
0.00;-46.98;0.00;0;-9869.382813
0.00;-46.98;0.00;0;-9859.933594
0.00;-46.98;0.00;0;-9855.216797
0.00;-46.98;0.00;0;-9845.793945
0.00;-46.98;0.00;0;-9836.381836
0.00;-46.98;0.00;0;-9831.677734
0.00;-46.98;0.00;0;-9822.285156
0.00;-46.98;0.00;0;-9812.904297
0.00;-46.98;0.00;0;-9808.215820
0.00;-46.98;0.00;0;-9798.852539
0.00;-46.98;0.00;0;-9789.507813
0.00;-46.98;0.00;0;-9784.843750
0.00;-46.98;0.00;0;-9775.524414
0.00;-46.98;0.00;0;-9766.224609
0.00;-46.98;0.00;0;-9761.580078
0.00;-46.98;0.00;0;-9752.304688
0.00;-46.98;0.00;0;-9743.044922
0.00;-46.98;0.00;0;-9738.420898
0.00;-46.98;0.00;0;-9729.182617
0.00;-46.98;0.00;0;-9719.964844
0.00;-46.98;0.00;0;-9715.365234
0.00;-46.98;0.00;0;-9706.175781
0.00;-46.98;0.00;0;-9697.000977
0.00;-46.98;0.00;0;-9692.421875
0.00;-46.98;0.00;0;-9683.271484
0.00;-46.98;0.00;0;-9674.134766
0.00;-46.98;0.00;0;-9669.571289
0.00;-46.98;0.00;0;-9660.458008
0.00;-46.98;0.00;0;-9651.364258
0.00;-46.98;0.00;0;-9646.824219
0.00;-46.97;0.00;0;-9637.756836
0.00;-46.97;0.00;0;-9628.708008
0.00;-46.97;0.00;0;-9624.189453
0.00;-46.97;0.00;0;-9615.165039
0.00;-46.97;0.00;0;-9606.166016
0.00;-46.97;0.00;0;-9601.677734
0.00;-46.97;0.00;0;-9592.716797
0.00;-46.97;0.00;0;-9583.765625
0.00;-46.97;0.00;0;-9579.291992
0.00;-46.97;0.00;0;-9570.355469
0.00;-46.97;0.00;0;-9561.433594
0.00;-46.97;0.00;0;-9556.982422
0.00;-46.97;0.00;0;-9548.094727
0.00;-46.97;0.00;0;-9539.241211
0.00;-46.97;0.00;0;-9530.412109
0.00;-46.97;0.00;0;-9521.596680
0.00;-46.97;0.00;0;-9512.791992
0.00;-46.97;0.00;0;-9503.998047
0.00;-46.97;0.00;0;-9495.214844
0.00;-46.97;0.00;0;-9490.828125
0.00;-46.97;0.00;0;-9482.064453
0.00;-46.97;0.00;0;-9473.315430
0.00;-46.97;0.00;0;-9468.947266
0.00;-46.97;0.00;0;-9460.224609
0.00;-46.97;0.00;0;-9451.520508
0.00;-46.97;0.00;0;-9447.173828
0.00;-46.97;0.00;0;-9438.494141
0.00;-46.97;0.00;0;-9429.831055
0.00;-46.97;0.00;0;-9425.505859
0.00;-46.97;0.00;0;-9416.866211
0.00;-46.97;0.00;0;-9408.245117
0.00;-46.97;0.00;0;-9403.939453
0.00;-46.97;0.00;0;-9395.340820
0.00;-46.97;0.00;0;-9386.755859
0.00;-46.97;0.00;0;-9382.470703
0.00;-46.97;0.00;0;-9373.912109
0.00;-46.97;0.00;0;-9365.368164
0.00;-46.97;0.00;0;-9361.103516
0.00;-46.97;0.00;0;-9352.590820
0.00;-46.97;0.00;0;-9344.104492
0.00;-46.97;0.00;0;-9335.632813
0.00;-46.97;0.00;0;-9327.171875
0.00;-46.97;0.00;0;-9322.945313
0.00;-46.97;0.00;0;-9314.500977
0.00;-46.97;0.00;0;-9306.068359
0.00;-46.97;0.00;0;-9301.856445
0.00;-46.96;0.00;0;-9293.438477
0.00;-46.96;0.00;0;-9285.037109
0.00;-46.96;0.00;0;-9280.844727
0.00;-46.96;0.00;0;-9272.469727
0.00;-46.96;0.00;0;-9264.114258
0.00;-46.96;0.00;0;-9255.778320
0.00;-46.96;0.00;0;-9247.467773
0.00;-46.96;0.00;0;-9239.171875
0.00;-46.96;0.00;0;-9230.885742
0.00;-46.96;0.00;0;-9222.610352
0.00;-46.96;0.00;0;-9218.476563
0.00;-46.96;0.00;0;-9210.218750
0.00;-46.96;0.00;0;-9201.973633
0.00;-46.96;0.00;0;-9197.857422
0.00;-46.96;0.00;0;-9189.641602
0.00;-46.96;0.00;0;-9181.450195
0.00;-46.96;0.00;0;-9173.271484
0.00;-46.96;0.00;0;-9165.101563
0.00;-46.96;0.00;0;-9156.944336
0.00;-46.96;0.00;0;-9148.796875
0.00;-46.96;0.00;0;-9140.659180
0.00;-46.96;0.00;0;-9136.595703
0.00;-46.96;0.00;0;-9128.486328
0.00;-46.96;0.00;0;-9116.364258
0.00;-46.96;0.00;0;-9108.297852
0.00;-46.96;0.00;0;-9100.238281
0.00;-46.96;0.00;0;-9096.213867
0.00;-46.96;0.00;0;-9088.171875
0.00;-46.96;0.00;0;-9080.138672
0.00;-46.96;0.00;0;-9076.128906
0.00;-46.96;0.00;0;-9068.117188
0.00;-46.96;0.00;0;-9060.123047
0.00;-46.96;0.00;0;-9052.151367
0.00;-46.96;0.00;0;-9044.200195
0.00;-46.96;0.00;0;-9036.265625
0.00;-46.96;0.00;0;-9028.346680
0.00;-46.96;0.00;0;-9020.446289
0.00;-46.96;0.00;0;-9012.559570
0.00;-46.96;0.00;0;-9004.684570
0.00;-46.96;0.00;0;-8996.835938
0.00;-46.96;0.00;0;-8988.991211
0.00;-46.96;0.00;0;-8981.146484
0.00;-46.96;0.00;0;-8973.317383
0.00;-46.96;0.00;32761;677.269531
0.00;-46.96;0.00;0;-8957.710938
0.00;-46.96;0.00;0;-8949.931641
0.00;-46.96;0.00;0;-8942.166016
0.00;-46.96;0.00;0;-8934.414063
0.00;-46.96;0.00;0;-8926.673828
0.00;-46.96;0.00;0;-8918.945313
0.00;-46.96;0.00;0;-8911.230469
0.00;-46.96;0.00;0;-8903.534180
0.00;-46.96;0.00;0;-8899.680664
0.00;-46.96;0.00;0;-8891.994141
0.00;-46.96;0.00;0;-8884.328125
0.00;-46.96;0.00;0;-8880.492188
0.00;-46.96;0.00;0;-8872.843750
0.00;-46.96;0.00;0;-8865.207031
0.00;-46.96;0.00;0;-8861.393555
